-- MySQL dump 10.13  Distrib 8.0.23, for Win64 (x86_64)
--
-- Host: 127.0.0.1    Database: volunteer
-- ------------------------------------------------------
-- Server version	8.0.23

/*!40101 SET @OLD_CHARACTER_SET_CLIENT=@@CHARACTER_SET_CLIENT */;
/*!40101 SET @OLD_CHARACTER_SET_RESULTS=@@CHARACTER_SET_RESULTS */;
/*!40101 SET @OLD_COLLATION_CONNECTION=@@COLLATION_CONNECTION */;
/*!50503 SET NAMES utf8mb4 */;
/*!40103 SET @OLD_TIME_ZONE=@@TIME_ZONE */;
/*!40103 SET TIME_ZONE='+00:00' */;
/*!40014 SET @OLD_UNIQUE_CHECKS=@@UNIQUE_CHECKS, UNIQUE_CHECKS=0 */;
/*!40014 SET @OLD_FOREIGN_KEY_CHECKS=@@FOREIGN_KEY_CHECKS, FOREIGN_KEY_CHECKS=0 */;
/*!40101 SET @OLD_SQL_MODE=@@SQL_MODE, SQL_MODE='NO_AUTO_VALUE_ON_ZERO' */;
/*!40111 SET @OLD_SQL_NOTES=@@SQL_NOTES, SQL_NOTES=0 */;

--
-- Table structure for table `app_user`
--

/*!40101 SET @saved_cs_client     = @@character_set_client */;
/*!50503 SET character_set_client = utf8mb4 */;
CREATE TABLE `app_user` (
  `user_id` bigint NOT NULL AUTO_INCREMENT,
  `username` varchar(50) NOT NULL COMMENT 'Áî®Êà∑Âêç',
  `mobile` varchar(20) NOT NULL COMMENT 'ÊâãÊú∫Âè∑',
  `password` varchar(64) DEFAULT NULL COMMENT 'ÂØÜÁ†Å',
  `create_time` datetime DEFAULT NULL COMMENT 'ÂàõÂª∫Êó∂Èó¥',
  `openid` varchar(64) DEFAULT NULL COMMENT 'ÂæÆ‰ø°openid',
  `team_id` int NOT NULL COMMENT 'Âõ¢Èòüid',
  `state` int NOT NULL COMMENT 'Áî®Êà∑Áä∂ÊÄÅÔºå0 Êú™ÁªëÂÆöÂõ¢ÈòüÔºå1 Â∑≤ÁªëÂÆöÂõ¢Èòü',
  PRIMARY KEY (`user_id`),
  UNIQUE KEY `username` (`username`)
) ENGINE=InnoDB AUTO_INCREMENT=3 DEFAULT CHARSET=utf8mb4 COLLATE=utf8mb4_0900_ai_ci COMMENT='Áî®Êà∑';
/*!40101 SET character_set_client = @saved_cs_client */;

--
-- Dumping data for table `app_user`
--

INSERT INTO `app_user` (`user_id`, `username`, `mobile`, `password`, `create_time`, `openid`, `team_id`, `state`) VALUES (1,'mark','13612345678','8c6976e5b5410415bde908bd4dee15dfb167a9c873fc4bb8a81f6f2ab448a918','2017-03-23 22:37:41','',0,0);

--
-- Table structure for table `qrtz_blob_triggers`
--

/*!40101 SET @saved_cs_client     = @@character_set_client */;
/*!50503 SET character_set_client = utf8mb4 */;
CREATE TABLE `qrtz_blob_triggers` (
  `SCHED_NAME` varchar(120) NOT NULL,
  `TRIGGER_NAME` varchar(200) NOT NULL,
  `TRIGGER_GROUP` varchar(200) NOT NULL,
  `BLOB_DATA` blob,
  PRIMARY KEY (`SCHED_NAME`,`TRIGGER_NAME`,`TRIGGER_GROUP`),
  KEY `SCHED_NAME` (`SCHED_NAME`,`TRIGGER_NAME`,`TRIGGER_GROUP`),
  CONSTRAINT `qrtz_blob_triggers_ibfk_1` FOREIGN KEY (`SCHED_NAME`, `TRIGGER_NAME`, `TRIGGER_GROUP`) REFERENCES `qrtz_triggers` (`SCHED_NAME`, `TRIGGER_NAME`, `TRIGGER_GROUP`)
) ENGINE=InnoDB DEFAULT CHARSET=utf8;
/*!40101 SET character_set_client = @saved_cs_client */;

--
-- Dumping data for table `qrtz_blob_triggers`
--


--
-- Table structure for table `qrtz_calendars`
--

/*!40101 SET @saved_cs_client     = @@character_set_client */;
/*!50503 SET character_set_client = utf8mb4 */;
CREATE TABLE `qrtz_calendars` (
  `SCHED_NAME` varchar(120) NOT NULL,
  `CALENDAR_NAME` varchar(200) NOT NULL,
  `CALENDAR` blob NOT NULL,
  PRIMARY KEY (`SCHED_NAME`,`CALENDAR_NAME`)
) ENGINE=InnoDB DEFAULT CHARSET=utf8;
/*!40101 SET character_set_client = @saved_cs_client */;

--
-- Dumping data for table `qrtz_calendars`
--


--
-- Table structure for table `qrtz_cron_triggers`
--

/*!40101 SET @saved_cs_client     = @@character_set_client */;
/*!50503 SET character_set_client = utf8mb4 */;
CREATE TABLE `qrtz_cron_triggers` (
  `SCHED_NAME` varchar(120) NOT NULL,
  `TRIGGER_NAME` varchar(200) NOT NULL,
  `TRIGGER_GROUP` varchar(200) NOT NULL,
  `CRON_EXPRESSION` varchar(120) NOT NULL,
  `TIME_ZONE_ID` varchar(80) DEFAULT NULL,
  PRIMARY KEY (`SCHED_NAME`,`TRIGGER_NAME`,`TRIGGER_GROUP`),
  CONSTRAINT `qrtz_cron_triggers_ibfk_1` FOREIGN KEY (`SCHED_NAME`, `TRIGGER_NAME`, `TRIGGER_GROUP`) REFERENCES `qrtz_triggers` (`SCHED_NAME`, `TRIGGER_NAME`, `TRIGGER_GROUP`)
) ENGINE=InnoDB DEFAULT CHARSET=utf8;
/*!40101 SET character_set_client = @saved_cs_client */;

--
-- Dumping data for table `qrtz_cron_triggers`
--

INSERT INTO `qrtz_cron_triggers` (`SCHED_NAME`, `TRIGGER_NAME`, `TRIGGER_GROUP`, `CRON_EXPRESSION`, `TIME_ZONE_ID`) VALUES ('RenrenScheduler','TASK_1','DEFAULT','0 0/30 * * * ?','Asia/Shanghai');

--
-- Table structure for table `qrtz_fired_triggers`
--

/*!40101 SET @saved_cs_client     = @@character_set_client */;
/*!50503 SET character_set_client = utf8mb4 */;
CREATE TABLE `qrtz_fired_triggers` (
  `SCHED_NAME` varchar(120) NOT NULL,
  `ENTRY_ID` varchar(95) NOT NULL,
  `TRIGGER_NAME` varchar(200) NOT NULL,
  `TRIGGER_GROUP` varchar(200) NOT NULL,
  `INSTANCE_NAME` varchar(200) NOT NULL,
  `FIRED_TIME` bigint NOT NULL,
  `SCHED_TIME` bigint NOT NULL,
  `PRIORITY` int NOT NULL,
  `STATE` varchar(16) NOT NULL,
  `JOB_NAME` varchar(200) DEFAULT NULL,
  `JOB_GROUP` varchar(200) DEFAULT NULL,
  `IS_NONCONCURRENT` varchar(1) DEFAULT NULL,
  `REQUESTS_RECOVERY` varchar(1) DEFAULT NULL,
  PRIMARY KEY (`SCHED_NAME`,`ENTRY_ID`),
  KEY `IDX_QRTZ_FT_TRIG_INST_NAME` (`SCHED_NAME`,`INSTANCE_NAME`),
  KEY `IDX_QRTZ_FT_INST_JOB_REQ_RCVRY` (`SCHED_NAME`,`INSTANCE_NAME`,`REQUESTS_RECOVERY`),
  KEY `IDX_QRTZ_FT_J_G` (`SCHED_NAME`,`JOB_NAME`,`JOB_GROUP`),
  KEY `IDX_QRTZ_FT_JG` (`SCHED_NAME`,`JOB_GROUP`),
  KEY `IDX_QRTZ_FT_T_G` (`SCHED_NAME`,`TRIGGER_NAME`,`TRIGGER_GROUP`),
  KEY `IDX_QRTZ_FT_TG` (`SCHED_NAME`,`TRIGGER_GROUP`)
) ENGINE=InnoDB DEFAULT CHARSET=utf8;
/*!40101 SET character_set_client = @saved_cs_client */;

--
-- Dumping data for table `qrtz_fired_triggers`
--


--
-- Table structure for table `qrtz_job_details`
--

/*!40101 SET @saved_cs_client     = @@character_set_client */;
/*!50503 SET character_set_client = utf8mb4 */;
CREATE TABLE `qrtz_job_details` (
  `SCHED_NAME` varchar(120) NOT NULL,
  `JOB_NAME` varchar(200) NOT NULL,
  `JOB_GROUP` varchar(200) NOT NULL,
  `DESCRIPTION` varchar(250) DEFAULT NULL,
  `JOB_CLASS_NAME` varchar(250) NOT NULL,
  `IS_DURABLE` varchar(1) NOT NULL,
  `IS_NONCONCURRENT` varchar(1) NOT NULL,
  `IS_UPDATE_DATA` varchar(1) NOT NULL,
  `REQUESTS_RECOVERY` varchar(1) NOT NULL,
  `JOB_DATA` blob,
  PRIMARY KEY (`SCHED_NAME`,`JOB_NAME`,`JOB_GROUP`),
  KEY `IDX_QRTZ_J_REQ_RECOVERY` (`SCHED_NAME`,`REQUESTS_RECOVERY`),
  KEY `IDX_QRTZ_J_GRP` (`SCHED_NAME`,`JOB_GROUP`)
) ENGINE=InnoDB DEFAULT CHARSET=utf8;
/*!40101 SET character_set_client = @saved_cs_client */;

--
-- Dumping data for table `qrtz_job_details`
--

INSERT INTO `qrtz_job_details` (`SCHED_NAME`, `JOB_NAME`, `JOB_GROUP`, `DESCRIPTION`, `JOB_CLASS_NAME`, `IS_DURABLE`, `IS_NONCONCURRENT`, `IS_UPDATE_DATA`, `REQUESTS_RECOVERY`, `JOB_DATA`) VALUES ('RenrenScheduler','TASK_1','DEFAULT',NULL,'io.volunteer.modules.job.utils.ScheduleJob','0','0','0','0',_binary '¨\Ì\0sr\0org.quartz.JobDataMapü∞ÉËø©∞\À\0\0xr\0&org.quartz.utils.StringKeyDirtyFlagMapÇ\Ë\√˚\≈](\0Z\0allowsTransientDataxr\0org.quartz.utils.DirtyFlagMap\Ê.≠(v\n\Œ\0Z\0dirtyL\0mapt\0Ljava/util/Map;xpsr\0java.util.HashMap\⁄¡\√`\—\0F\0\nloadFactorI\0	thresholdxp?@\0\0\0\0\0w\0\0\0\0\0\0t\0\rJOB_PARAM_KEYsr\01io.volunteer.modules.job.entity.ScheduleJobEntity\0\0\0\0\0\0\0\0L\0beanNamet\0Ljava/lang/String;L\0\ncreateTimet\0Ljava/util/Date;L\0cronExpressionq\0~\0	L\0jobIdt\0Ljava/lang/Long;L\0paramsq\0~\0	L\0remarkq\0~\0	L\0statust\0Ljava/lang/Integer;xpt\0testTasksr\0java.util.DatehjÅKYt\0\0xpw\0\0xh∞Hxt\00 0/30 * * * ?sr\0java.lang.Long;ã\‰êÃè#\ﬂ\0J\0valuexr\0java.lang.NumberÜ¨ïî\‡ã\0\0xp\0\0\0\0\0\0\0t\0renrent\0ÂèÇÊï∞ÊµãËØïsr\0java.lang.Integer‚†§\˜Åá8\0I\0valuexq\0~\0\0\0\0\0x\0');

--
-- Table structure for table `qrtz_locks`
--

/*!40101 SET @saved_cs_client     = @@character_set_client */;
/*!50503 SET character_set_client = utf8mb4 */;
CREATE TABLE `qrtz_locks` (
  `SCHED_NAME` varchar(120) NOT NULL,
  `LOCK_NAME` varchar(40) NOT NULL,
  PRIMARY KEY (`SCHED_NAME`,`LOCK_NAME`)
) ENGINE=InnoDB DEFAULT CHARSET=utf8;
/*!40101 SET character_set_client = @saved_cs_client */;

--
-- Dumping data for table `qrtz_locks`
--

INSERT INTO `qrtz_locks` (`SCHED_NAME`, `LOCK_NAME`) VALUES ('RenrenScheduler','STATE_ACCESS');
INSERT INTO `qrtz_locks` (`SCHED_NAME`, `LOCK_NAME`) VALUES ('RenrenScheduler','TRIGGER_ACCESS');

--
-- Table structure for table `qrtz_paused_trigger_grps`
--

/*!40101 SET @saved_cs_client     = @@character_set_client */;
/*!50503 SET character_set_client = utf8mb4 */;
CREATE TABLE `qrtz_paused_trigger_grps` (
  `SCHED_NAME` varchar(120) NOT NULL,
  `TRIGGER_GROUP` varchar(200) NOT NULL,
  PRIMARY KEY (`SCHED_NAME`,`TRIGGER_GROUP`)
) ENGINE=InnoDB DEFAULT CHARSET=utf8;
/*!40101 SET character_set_client = @saved_cs_client */;

--
-- Dumping data for table `qrtz_paused_trigger_grps`
--


--
-- Table structure for table `qrtz_scheduler_state`
--

/*!40101 SET @saved_cs_client     = @@character_set_client */;
/*!50503 SET character_set_client = utf8mb4 */;
CREATE TABLE `qrtz_scheduler_state` (
  `SCHED_NAME` varchar(120) NOT NULL,
  `INSTANCE_NAME` varchar(200) NOT NULL,
  `LAST_CHECKIN_TIME` bigint NOT NULL,
  `CHECKIN_INTERVAL` bigint NOT NULL,
  PRIMARY KEY (`SCHED_NAME`,`INSTANCE_NAME`)
) ENGINE=InnoDB DEFAULT CHARSET=utf8;
/*!40101 SET character_set_client = @saved_cs_client */;

--
-- Dumping data for table `qrtz_scheduler_state`
--

INSERT INTO `qrtz_scheduler_state` (`SCHED_NAME`, `INSTANCE_NAME`, `LAST_CHECKIN_TIME`, `CHECKIN_INTERVAL`) VALUES ('RenrenScheduler','WIN-1RFAU9QEFJ01617186150145',1617189212788,15000);

--
-- Table structure for table `qrtz_simple_triggers`
--

/*!40101 SET @saved_cs_client     = @@character_set_client */;
/*!50503 SET character_set_client = utf8mb4 */;
CREATE TABLE `qrtz_simple_triggers` (
  `SCHED_NAME` varchar(120) NOT NULL,
  `TRIGGER_NAME` varchar(200) NOT NULL,
  `TRIGGER_GROUP` varchar(200) NOT NULL,
  `REPEAT_COUNT` bigint NOT NULL,
  `REPEAT_INTERVAL` bigint NOT NULL,
  `TIMES_TRIGGERED` bigint NOT NULL,
  PRIMARY KEY (`SCHED_NAME`,`TRIGGER_NAME`,`TRIGGER_GROUP`),
  CONSTRAINT `qrtz_simple_triggers_ibfk_1` FOREIGN KEY (`SCHED_NAME`, `TRIGGER_NAME`, `TRIGGER_GROUP`) REFERENCES `qrtz_triggers` (`SCHED_NAME`, `TRIGGER_NAME`, `TRIGGER_GROUP`)
) ENGINE=InnoDB DEFAULT CHARSET=utf8;
/*!40101 SET character_set_client = @saved_cs_client */;

--
-- Dumping data for table `qrtz_simple_triggers`
--


--
-- Table structure for table `qrtz_simprop_triggers`
--

/*!40101 SET @saved_cs_client     = @@character_set_client */;
/*!50503 SET character_set_client = utf8mb4 */;
CREATE TABLE `qrtz_simprop_triggers` (
  `SCHED_NAME` varchar(120) NOT NULL,
  `TRIGGER_NAME` varchar(200) NOT NULL,
  `TRIGGER_GROUP` varchar(200) NOT NULL,
  `STR_PROP_1` varchar(512) DEFAULT NULL,
  `STR_PROP_2` varchar(512) DEFAULT NULL,
  `STR_PROP_3` varchar(512) DEFAULT NULL,
  `INT_PROP_1` int DEFAULT NULL,
  `INT_PROP_2` int DEFAULT NULL,
  `LONG_PROP_1` bigint DEFAULT NULL,
  `LONG_PROP_2` bigint DEFAULT NULL,
  `DEC_PROP_1` decimal(13,4) DEFAULT NULL,
  `DEC_PROP_2` decimal(13,4) DEFAULT NULL,
  `BOOL_PROP_1` varchar(1) DEFAULT NULL,
  `BOOL_PROP_2` varchar(1) DEFAULT NULL,
  PRIMARY KEY (`SCHED_NAME`,`TRIGGER_NAME`,`TRIGGER_GROUP`),
  CONSTRAINT `qrtz_simprop_triggers_ibfk_1` FOREIGN KEY (`SCHED_NAME`, `TRIGGER_NAME`, `TRIGGER_GROUP`) REFERENCES `qrtz_triggers` (`SCHED_NAME`, `TRIGGER_NAME`, `TRIGGER_GROUP`)
) ENGINE=InnoDB DEFAULT CHARSET=utf8;
/*!40101 SET character_set_client = @saved_cs_client */;

--
-- Dumping data for table `qrtz_simprop_triggers`
--


--
-- Table structure for table `qrtz_triggers`
--

/*!40101 SET @saved_cs_client     = @@character_set_client */;
/*!50503 SET character_set_client = utf8mb4 */;
CREATE TABLE `qrtz_triggers` (
  `SCHED_NAME` varchar(120) NOT NULL,
  `TRIGGER_NAME` varchar(200) NOT NULL,
  `TRIGGER_GROUP` varchar(200) NOT NULL,
  `JOB_NAME` varchar(200) NOT NULL,
  `JOB_GROUP` varchar(200) NOT NULL,
  `DESCRIPTION` varchar(250) DEFAULT NULL,
  `NEXT_FIRE_TIME` bigint DEFAULT NULL,
  `PREV_FIRE_TIME` bigint DEFAULT NULL,
  `PRIORITY` int DEFAULT NULL,
  `TRIGGER_STATE` varchar(16) NOT NULL,
  `TRIGGER_TYPE` varchar(8) NOT NULL,
  `START_TIME` bigint NOT NULL,
  `END_TIME` bigint DEFAULT NULL,
  `CALENDAR_NAME` varchar(200) DEFAULT NULL,
  `MISFIRE_INSTR` smallint DEFAULT NULL,
  `JOB_DATA` blob,
  PRIMARY KEY (`SCHED_NAME`,`TRIGGER_NAME`,`TRIGGER_GROUP`),
  KEY `IDX_QRTZ_T_J` (`SCHED_NAME`,`JOB_NAME`,`JOB_GROUP`),
  KEY `IDX_QRTZ_T_JG` (`SCHED_NAME`,`JOB_GROUP`),
  KEY `IDX_QRTZ_T_C` (`SCHED_NAME`,`CALENDAR_NAME`),
  KEY `IDX_QRTZ_T_G` (`SCHED_NAME`,`TRIGGER_GROUP`),
  KEY `IDX_QRTZ_T_STATE` (`SCHED_NAME`,`TRIGGER_STATE`),
  KEY `IDX_QRTZ_T_N_STATE` (`SCHED_NAME`,`TRIGGER_NAME`,`TRIGGER_GROUP`,`TRIGGER_STATE`),
  KEY `IDX_QRTZ_T_N_G_STATE` (`SCHED_NAME`,`TRIGGER_GROUP`,`TRIGGER_STATE`),
  KEY `IDX_QRTZ_T_NEXT_FIRE_TIME` (`SCHED_NAME`,`NEXT_FIRE_TIME`),
  KEY `IDX_QRTZ_T_NFT_ST` (`SCHED_NAME`,`TRIGGER_STATE`,`NEXT_FIRE_TIME`),
  KEY `IDX_QRTZ_T_NFT_MISFIRE` (`SCHED_NAME`,`MISFIRE_INSTR`,`NEXT_FIRE_TIME`),
  KEY `IDX_QRTZ_T_NFT_ST_MISFIRE` (`SCHED_NAME`,`MISFIRE_INSTR`,`NEXT_FIRE_TIME`,`TRIGGER_STATE`),
  KEY `IDX_QRTZ_T_NFT_ST_MISFIRE_GRP` (`SCHED_NAME`,`MISFIRE_INSTR`,`NEXT_FIRE_TIME`,`TRIGGER_GROUP`,`TRIGGER_STATE`),
  CONSTRAINT `qrtz_triggers_ibfk_1` FOREIGN KEY (`SCHED_NAME`, `JOB_NAME`, `JOB_GROUP`) REFERENCES `qrtz_job_details` (`SCHED_NAME`, `JOB_NAME`, `JOB_GROUP`)
) ENGINE=InnoDB DEFAULT CHARSET=utf8;
/*!40101 SET character_set_client = @saved_cs_client */;

--
-- Dumping data for table `qrtz_triggers`
--

INSERT INTO `qrtz_triggers` (`SCHED_NAME`, `TRIGGER_NAME`, `TRIGGER_GROUP`, `JOB_NAME`, `JOB_GROUP`, `DESCRIPTION`, `NEXT_FIRE_TIME`, `PREV_FIRE_TIME`, `PRIORITY`, `TRIGGER_STATE`, `TRIGGER_TYPE`, `START_TIME`, `END_TIME`, `CALENDAR_NAME`, `MISFIRE_INSTR`, `JOB_DATA`) VALUES ('RenrenScheduler','TASK_1','DEFAULT','TASK_1','DEFAULT',NULL,1617190200000,1617188400000,5,'WAITING','CRON',1616768781000,0,NULL,2,_binary '¨\Ì\0sr\0org.quartz.JobDataMapü∞ÉËø©∞\À\0\0xr\0&org.quartz.utils.StringKeyDirtyFlagMapÇ\Ë\√˚\≈](\0Z\0allowsTransientDataxr\0org.quartz.utils.DirtyFlagMap\Ê.≠(v\n\Œ\0Z\0dirtyL\0mapt\0Ljava/util/Map;xpsr\0java.util.HashMap\⁄¡\√`\—\0F\0\nloadFactorI\0	thresholdxp?@\0\0\0\0\0w\0\0\0\0\0\0t\0\rJOB_PARAM_KEYsr\01io.volunteer.modules.job.entity.ScheduleJobEntity\0\0\0\0\0\0\0\0L\0beanNamet\0Ljava/lang/String;L\0\ncreateTimet\0Ljava/util/Date;L\0cronExpressionq\0~\0	L\0jobIdt\0Ljava/lang/Long;L\0paramsq\0~\0	L\0remarkq\0~\0	L\0statust\0Ljava/lang/Integer;xpt\0testTasksr\0java.util.DatehjÅKYt\0\0xpw\0\0xh∞Hxt\00 0/30 * * * ?sr\0java.lang.Long;ã\‰êÃè#\ﬂ\0J\0valuexr\0java.lang.NumberÜ¨ïî\‡ã\0\0xp\0\0\0\0\0\0\0t\0renrent\0ÂèÇÊï∞ÊµãËØïsr\0java.lang.Integer‚†§\˜Åá8\0I\0valuexq\0~\0\0\0\0\0x\0');

--
-- Table structure for table `schedule_job`
--

/*!40101 SET @saved_cs_client     = @@character_set_client */;
/*!50503 SET character_set_client = utf8mb4 */;
CREATE TABLE `schedule_job` (
  `job_id` bigint NOT NULL AUTO_INCREMENT COMMENT '‰ªªÂä°id',
  `bean_name` varchar(200) DEFAULT NULL COMMENT 'spring beanÂêçÁß∞',
  `params` varchar(2000) DEFAULT NULL COMMENT 'ÂèÇÊï∞',
  `cron_expression` varchar(100) DEFAULT NULL COMMENT 'cronË°®ËææÂºè',
  `status` tinyint DEFAULT NULL COMMENT '‰ªªÂä°Áä∂ÊÄÅ  0ÔºöÊ≠£Â∏∏  1ÔºöÊöÇÂÅú',
  `remark` varchar(255) DEFAULT NULL COMMENT 'Â§áÊ≥®',
  `create_time` datetime DEFAULT NULL COMMENT 'ÂàõÂª∫Êó∂Èó¥',
  PRIMARY KEY (`job_id`)
) ENGINE=InnoDB AUTO_INCREMENT=2 DEFAULT CHARSET=utf8mb4 COLLATE=utf8mb4_0900_ai_ci COMMENT='ÂÆöÊó∂‰ªªÂä°';
/*!40101 SET character_set_client = @saved_cs_client */;

--
-- Dumping data for table `schedule_job`
--

INSERT INTO `schedule_job` (`job_id`, `bean_name`, `params`, `cron_expression`, `status`, `remark`, `create_time`) VALUES (1,'testTask','renren','0 0/30 * * * ?',0,'ÂèÇÊï∞ÊµãËØï','2021-03-25 14:28:13');

--
-- Table structure for table `schedule_job_log`
--

/*!40101 SET @saved_cs_client     = @@character_set_client */;
/*!50503 SET character_set_client = utf8mb4 */;
CREATE TABLE `schedule_job_log` (
  `log_id` bigint NOT NULL AUTO_INCREMENT COMMENT '‰ªªÂä°Êó•Âøóid',
  `job_id` bigint NOT NULL COMMENT '‰ªªÂä°id',
  `bean_name` varchar(200) DEFAULT NULL COMMENT 'spring beanÂêçÁß∞',
  `params` varchar(2000) DEFAULT NULL COMMENT 'ÂèÇÊï∞',
  `status` tinyint NOT NULL COMMENT '‰ªªÂä°Áä∂ÊÄÅ    0ÔºöÊàêÂäü    1ÔºöÂ§±Ë¥•',
  `error` varchar(2000) DEFAULT NULL COMMENT 'Â§±Ë¥•‰ø°ÊÅØ',
  `times` int NOT NULL COMMENT 'ËÄóÊó∂(Âçï‰ΩçÔºöÊØ´Áßí)',
  `create_time` datetime DEFAULT NULL COMMENT 'ÂàõÂª∫Êó∂Èó¥',
  PRIMARY KEY (`log_id`),
  KEY `job_id` (`job_id`)
) ENGINE=InnoDB AUTO_INCREMENT=26 DEFAULT CHARSET=utf8mb4 COLLATE=utf8mb4_0900_ai_ci COMMENT='ÂÆöÊó∂‰ªªÂä°Êó•Âøó';
/*!40101 SET character_set_client = @saved_cs_client */;

--
-- Dumping data for table `schedule_job_log`
--

INSERT INTO `schedule_job_log` (`log_id`, `job_id`, `bean_name`, `params`, `status`, `error`, `times`, `create_time`) VALUES (1,1,'testTask','renren',0,NULL,0,'2021-03-26 23:00:00');
INSERT INTO `schedule_job_log` (`log_id`, `job_id`, `bean_name`, `params`, `status`, `error`, `times`, `create_time`) VALUES (2,1,'testTask','renren',0,NULL,0,'2021-03-27 11:00:00');
INSERT INTO `schedule_job_log` (`log_id`, `job_id`, `bean_name`, `params`, `status`, `error`, `times`, `create_time`) VALUES (3,1,'testTask','renren',0,NULL,0,'2021-03-27 11:30:00');
INSERT INTO `schedule_job_log` (`log_id`, `job_id`, `bean_name`, `params`, `status`, `error`, `times`, `create_time`) VALUES (4,1,'testTask','renren',0,NULL,0,'2021-03-27 12:00:00');
INSERT INTO `schedule_job_log` (`log_id`, `job_id`, `bean_name`, `params`, `status`, `error`, `times`, `create_time`) VALUES (5,1,'testTask','renren',0,NULL,0,'2021-03-27 12:30:00');
INSERT INTO `schedule_job_log` (`log_id`, `job_id`, `bean_name`, `params`, `status`, `error`, `times`, `create_time`) VALUES (6,1,'testTask','renren',0,NULL,0,'2021-03-27 13:00:00');
INSERT INTO `schedule_job_log` (`log_id`, `job_id`, `bean_name`, `params`, `status`, `error`, `times`, `create_time`) VALUES (7,1,'testTask','renren',0,NULL,0,'2021-03-27 13:30:00');
INSERT INTO `schedule_job_log` (`log_id`, `job_id`, `bean_name`, `params`, `status`, `error`, `times`, `create_time`) VALUES (8,1,'testTask','renren',0,NULL,0,'2021-03-27 14:00:00');
INSERT INTO `schedule_job_log` (`log_id`, `job_id`, `bean_name`, `params`, `status`, `error`, `times`, `create_time`) VALUES (9,1,'testTask','renren',0,NULL,0,'2021-03-27 14:30:00');
INSERT INTO `schedule_job_log` (`log_id`, `job_id`, `bean_name`, `params`, `status`, `error`, `times`, `create_time`) VALUES (10,1,'testTask','renren',0,NULL,0,'2021-03-31 11:00:00');
INSERT INTO `schedule_job_log` (`log_id`, `job_id`, `bean_name`, `params`, `status`, `error`, `times`, `create_time`) VALUES (11,1,'testTask','renren',0,NULL,0,'2021-03-31 11:30:00');
INSERT INTO `schedule_job_log` (`log_id`, `job_id`, `bean_name`, `params`, `status`, `error`, `times`, `create_time`) VALUES (12,1,'testTask','renren',0,NULL,0,'2021-03-31 12:00:00');
INSERT INTO `schedule_job_log` (`log_id`, `job_id`, `bean_name`, `params`, `status`, `error`, `times`, `create_time`) VALUES (13,1,'testTask','renren',0,NULL,0,'2021-03-31 12:30:00');
INSERT INTO `schedule_job_log` (`log_id`, `job_id`, `bean_name`, `params`, `status`, `error`, `times`, `create_time`) VALUES (14,1,'testTask','renren',0,NULL,1,'2021-03-31 13:00:00');
INSERT INTO `schedule_job_log` (`log_id`, `job_id`, `bean_name`, `params`, `status`, `error`, `times`, `create_time`) VALUES (15,1,'testTask','renren',0,NULL,0,'2021-03-31 13:30:00');
INSERT INTO `schedule_job_log` (`log_id`, `job_id`, `bean_name`, `params`, `status`, `error`, `times`, `create_time`) VALUES (16,1,'testTask','renren',0,NULL,0,'2021-03-31 14:00:00');
INSERT INTO `schedule_job_log` (`log_id`, `job_id`, `bean_name`, `params`, `status`, `error`, `times`, `create_time`) VALUES (17,1,'testTask','renren',0,NULL,0,'2021-03-31 14:30:00');
INSERT INTO `schedule_job_log` (`log_id`, `job_id`, `bean_name`, `params`, `status`, `error`, `times`, `create_time`) VALUES (18,1,'testTask','renren',0,NULL,0,'2021-03-31 15:00:00');
INSERT INTO `schedule_job_log` (`log_id`, `job_id`, `bean_name`, `params`, `status`, `error`, `times`, `create_time`) VALUES (19,1,'testTask','renren',0,NULL,0,'2021-03-31 15:30:00');
INSERT INTO `schedule_job_log` (`log_id`, `job_id`, `bean_name`, `params`, `status`, `error`, `times`, `create_time`) VALUES (20,1,'testTask','renren',0,NULL,0,'2021-03-31 16:30:00');
INSERT INTO `schedule_job_log` (`log_id`, `job_id`, `bean_name`, `params`, `status`, `error`, `times`, `create_time`) VALUES (21,1,'testTask','renren',0,NULL,0,'2021-03-31 17:00:00');
INSERT INTO `schedule_job_log` (`log_id`, `job_id`, `bean_name`, `params`, `status`, `error`, `times`, `create_time`) VALUES (22,1,'testTask','renren',0,NULL,0,'2021-03-31 17:30:00');
INSERT INTO `schedule_job_log` (`log_id`, `job_id`, `bean_name`, `params`, `status`, `error`, `times`, `create_time`) VALUES (23,1,'testTask','renren',0,NULL,0,'2021-03-31 18:00:00');
INSERT INTO `schedule_job_log` (`log_id`, `job_id`, `bean_name`, `params`, `status`, `error`, `times`, `create_time`) VALUES (24,1,'testTask','renren',0,NULL,0,'2021-03-31 18:30:00');
INSERT INTO `schedule_job_log` (`log_id`, `job_id`, `bean_name`, `params`, `status`, `error`, `times`, `create_time`) VALUES (25,1,'testTask','renren',0,NULL,0,'2021-03-31 19:00:00');

--
-- Table structure for table `sys_captcha`
--

/*!40101 SET @saved_cs_client     = @@character_set_client */;
/*!50503 SET character_set_client = utf8mb4 */;
CREATE TABLE `sys_captcha` (
  `uuid` char(36) NOT NULL COMMENT 'uuid',
  `code` varchar(6) NOT NULL COMMENT 'È™åËØÅÁ†Å',
  `expire_time` datetime DEFAULT NULL COMMENT 'ËøáÊúüÊó∂Èó¥',
  PRIMARY KEY (`uuid`)
) ENGINE=InnoDB DEFAULT CHARSET=utf8mb4 COLLATE=utf8mb4_0900_ai_ci COMMENT='Á≥ªÁªüÈ™åËØÅÁ†Å';
/*!40101 SET character_set_client = @saved_cs_client */;

--
-- Dumping data for table `sys_captcha`
--

INSERT INTO `sys_captcha` (`uuid`, `code`, `expire_time`) VALUES ('cc9ab609-0c6c-4ea7-8d1a-9fdba4b1fd1a','p26be','2021-03-31 10:41:14');
INSERT INTO `sys_captcha` (`uuid`, `code`, `expire_time`) VALUES ('dee89187-4584-42e5-8bfd-ebdde5777011','8xded','2021-03-31 16:35:27');

--
-- Table structure for table `sys_config`
--

/*!40101 SET @saved_cs_client     = @@character_set_client */;
/*!50503 SET character_set_client = utf8mb4 */;
CREATE TABLE `sys_config` (
  `id` bigint NOT NULL AUTO_INCREMENT,
  `param_key` varchar(50) DEFAULT NULL COMMENT 'key',
  `param_value` varchar(2000) DEFAULT NULL COMMENT 'value',
  `status` tinyint DEFAULT '1' COMMENT 'Áä∂ÊÄÅ   0ÔºöÈöêËóè   1ÔºöÊòæÁ§∫',
  `remark` varchar(500) DEFAULT NULL COMMENT 'Â§áÊ≥®',
  PRIMARY KEY (`id`),
  UNIQUE KEY `param_key` (`param_key`)
) ENGINE=InnoDB AUTO_INCREMENT=2 DEFAULT CHARSET=utf8mb4 COLLATE=utf8mb4_0900_ai_ci COMMENT='Á≥ªÁªüÈÖçÁΩÆ‰ø°ÊÅØË°®';
/*!40101 SET character_set_client = @saved_cs_client */;

--
-- Dumping data for table `sys_config`
--

INSERT INTO `sys_config` (`id`, `param_key`, `param_value`, `status`, `remark`) VALUES (1,'CLOUD_STORAGE_CONFIG_KEY','{\"aliyunAccessKeyId\":\"\",\"aliyunAccessKeySecret\":\"\",\"aliyunBucketName\":\"\",\"aliyunDomain\":\"\",\"aliyunEndPoint\":\"\",\"aliyunPrefix\":\"\",\"qcloudBucketName\":\"\",\"qcloudDomain\":\"\",\"qcloudPrefix\":\"\",\"qcloudSecretId\":\"\",\"qcloudSecretKey\":\"\",\"qiniuAccessKey\":\"NrgMfABZxWLo5B-YYSjoE8-AZ1EISdi1Z3ubLOeZ\",\"qiniuBucketName\":\"ios-app\",\"qiniuDomain\":\"http://7xqbwh.dl1.z0.glb.clouddn.com\",\"qiniuPrefix\":\"upload\",\"qiniuSecretKey\":\"uIwJHevMRWU0VLxFvgy0tAcOdGqasdtVlJkdy6vV\",\"type\":1}',0,'‰∫ëÂ≠òÂÇ®ÈÖçÁΩÆ‰ø°ÊÅØ');

--
-- Table structure for table `sys_log`
--

/*!40101 SET @saved_cs_client     = @@character_set_client */;
/*!50503 SET character_set_client = utf8mb4 */;
CREATE TABLE `sys_log` (
  `id` bigint NOT NULL AUTO_INCREMENT,
  `username` varchar(50) DEFAULT NULL COMMENT 'Áî®Êà∑Âêç',
  `operation` varchar(50) DEFAULT NULL COMMENT 'Áî®Êà∑Êìç‰Ωú',
  `method` varchar(200) DEFAULT NULL COMMENT 'ËØ∑Ê±ÇÊñπÊ≥ï',
  `params` varchar(5000) DEFAULT NULL COMMENT 'ËØ∑Ê±ÇÂèÇÊï∞',
  `time` bigint NOT NULL COMMENT 'ÊâßË°åÊó∂Èïø(ÊØ´Áßí)',
  `ip` varchar(64) DEFAULT NULL COMMENT 'IPÂú∞ÂùÄ',
  `create_date` datetime DEFAULT NULL COMMENT 'ÂàõÂª∫Êó∂Èó¥',
  PRIMARY KEY (`id`)
) ENGINE=InnoDB AUTO_INCREMENT=41 DEFAULT CHARSET=utf8mb4 COLLATE=utf8mb4_0900_ai_ci COMMENT='Á≥ªÁªüÊó•Âøó';
/*!40101 SET character_set_client = @saved_cs_client */;

--
-- Dumping data for table `sys_log`
--

INSERT INTO `sys_log` (`id`, `username`, `operation`, `method`, `params`, `time`, `ip`, `create_date`) VALUES (1,'admin','‰øÆÊîπËèúÂçï','io.volunteer.modules.sys.controller.SysMenuController.update()','[{\"menuId\":31,\"parentId\":1,\"name\":\"Áî®Êà∑Á≠îÊ°à\",\"url\":\"app/answer\",\"type\":1,\"icon\":\"log\",\"orderNum\":6}]',85,'0:0:0:0:0:0:0:1','2021-03-31 16:32:23');
INSERT INTO `sys_log` (`id`, `username`, `operation`, `method`, `params`, `time`, `ip`, `create_date`) VALUES (2,'admin','‰øÆÊîπËèúÂçï','io.volunteer.modules.sys.controller.SysMenuController.update()','[{\"menuId\":36,\"parentId\":1,\"name\":\"ÂØπÂ§ñÂÆ¢Êà∑\",\"url\":\"app/appuser\",\"type\":1,\"icon\":\"admin\",\"orderNum\":6}]',83,'0:0:0:0:0:0:0:1','2021-03-31 16:33:20');
INSERT INTO `sys_log` (`id`, `username`, `operation`, `method`, `params`, `time`, `ip`, `create_date`) VALUES (3,'admin','‰øùÂ≠òËèúÂçï','io.volunteer.modules.sys.controller.SysMenuController.save()','[{\"menuId\":51,\"parentId\":1,\"name\":\"ÂøóÊÑøËÄÖÈ°πÁõÆ\",\"url\":\"/volunteer\",\"perms\":\"\",\"type\":1,\"icon\":\"xiangqu\",\"orderNum\":0}]',84,'0:0:0:0:0:0:0:1','2021-03-31 16:34:04');
INSERT INTO `sys_log` (`id`, `username`, `operation`, `method`, `params`, `time`, `ip`, `create_date`) VALUES (4,'admin','‰øÆÊîπËèúÂçï','io.volunteer.modules.sys.controller.SysMenuController.update()','[{\"menuId\":51,\"parentId\":1,\"name\":\"ÂøóÊÑøËÄÖÈ°πÁõÆ\",\"url\":\"app/volunteer\",\"perms\":\"\",\"type\":1,\"icon\":\"xiangqu\",\"orderNum\":0}]',77,'0:0:0:0:0:0:0:1','2021-03-31 16:34:25');
INSERT INTO `sys_log` (`id`, `username`, `operation`, `method`, `params`, `time`, `ip`, `create_date`) VALUES (5,'admin','‰øÆÊîπËèúÂçï','io.volunteer.modules.sys.controller.SysMenuController.update()','[{\"menuId\":51,\"parentId\":0,\"name\":\"Â∫îÁî®È°πÁõÆ\",\"url\":\"app/volunteer\",\"perms\":\"\",\"type\":0,\"icon\":\"xiangqu\",\"orderNum\":1}]',91,'0:0:0:0:0:0:0:1','2021-03-31 16:36:09');
INSERT INTO `sys_log` (`id`, `username`, `operation`, `method`, `params`, `time`, `ip`, `create_date`) VALUES (6,'admin','‰øÆÊîπËèúÂçï','io.volunteer.modules.sys.controller.SysMenuController.update()','[{\"menuId\":51,\"parentId\":0,\"name\":\"Â∫îÁî®È°πÁõÆ\",\"url\":\"app\",\"perms\":\"\",\"type\":1,\"icon\":\"xiangqu\",\"orderNum\":1}]',88,'0:0:0:0:0:0:0:1','2021-03-31 16:36:23');
INSERT INTO `sys_log` (`id`, `username`, `operation`, `method`, `params`, `time`, `ip`, `create_date`) VALUES (7,'admin','‰øÆÊîπËèúÂçï','io.volunteer.modules.sys.controller.SysMenuController.update()','[{\"menuId\":51,\"parentId\":0,\"name\":\"Â∫îÁî®È°πÁõÆ\",\"url\":\"app\",\"perms\":\"\",\"type\":0,\"icon\":\"xiangqu\",\"orderNum\":1}]',73,'0:0:0:0:0:0:0:1','2021-03-31 16:36:33');
INSERT INTO `sys_log` (`id`, `username`, `operation`, `method`, `params`, `time`, `ip`, `create_date`) VALUES (8,'admin','Âà†Èô§ËèúÂçï','io.volunteer.modules.sys.controller.SysMenuController.delete()','[51]',176,'0:0:0:0:0:0:0:1','2021-03-31 16:36:45');
INSERT INTO `sys_log` (`id`, `username`, `operation`, `method`, `params`, `time`, `ip`, `create_date`) VALUES (9,'admin','‰øùÂ≠òËèúÂçï','io.volunteer.modules.sys.controller.SysMenuController.save()','[{\"menuId\":52,\"parentId\":0,\"name\":\"È°πÁõÆÂ∫îÁî®\",\"url\":\"app\",\"perms\":\"\",\"type\":1,\"icon\":\"zonghe\",\"orderNum\":0}]',86,'0:0:0:0:0:0:0:1','2021-03-31 16:37:24');
INSERT INTO `sys_log` (`id`, `username`, `operation`, `method`, `params`, `time`, `ip`, `create_date`) VALUES (10,'admin','‰øÆÊîπËèúÂçï','io.volunteer.modules.sys.controller.SysMenuController.update()','[{\"menuId\":52,\"parentId\":0,\"name\":\"È°πÁõÆÂ∫îÁî®\",\"url\":\"app\",\"perms\":\"\",\"type\":0,\"icon\":\"zonghe\",\"orderNum\":0}]',79,'0:0:0:0:0:0:0:1','2021-03-31 16:37:33');
INSERT INTO `sys_log` (`id`, `username`, `operation`, `method`, `params`, `time`, `ip`, `create_date`) VALUES (11,'admin','‰øÆÊîπËèúÂçï','io.volunteer.modules.sys.controller.SysMenuController.update()','[{\"menuId\":31,\"parentId\":52,\"name\":\"Áî®Êà∑Á≠îÊ°à\",\"url\":\"app/answer\",\"type\":1,\"icon\":\"log\",\"orderNum\":6}]',88,'0:0:0:0:0:0:0:1','2021-03-31 16:37:50');
INSERT INTO `sys_log` (`id`, `username`, `operation`, `method`, `params`, `time`, `ip`, `create_date`) VALUES (12,'admin','‰øùÂ≠òËèúÂçï','io.volunteer.modules.sys.controller.SysMenuController.save()','[{\"menuId\":53,\"parentId\":52,\"name\":\"ÂøóÊÑøËÄÖÈ°πÁõÆ\",\"url\":\"app\",\"perms\":\"\",\"type\":1,\"icon\":\"xiangqu\",\"orderNum\":0}]',119,'0:0:0:0:0:0:0:1','2021-03-31 16:38:45');
INSERT INTO `sys_log` (`id`, `username`, `operation`, `method`, `params`, `time`, `ip`, `create_date`) VALUES (13,'admin','Âà†Èô§ËèúÂçï','io.volunteer.modules.sys.controller.SysMenuController.delete()','[31]',0,'0:0:0:0:0:0:0:1','2021-03-31 16:39:09');
INSERT INTO `sys_log` (`id`, `username`, `operation`, `method`, `params`, `time`, `ip`, `create_date`) VALUES (14,'admin','‰øÆÊîπËèúÂçï','io.volunteer.modules.sys.controller.SysMenuController.update()','[{\"menuId\":53,\"parentId\":52,\"name\":\"ÂøóÊÑøËÄÖÈ°πÁõÆ\",\"url\":\"app\",\"perms\":\"\",\"type\":0,\"icon\":\"xiangqu\",\"orderNum\":0}]',73,'0:0:0:0:0:0:0:1','2021-03-31 16:39:24');
INSERT INTO `sys_log` (`id`, `username`, `operation`, `method`, `params`, `time`, `ip`, `create_date`) VALUES (15,'admin','‰øÆÊîπËèúÂçï','io.volunteer.modules.sys.controller.SysMenuController.update()','[{\"menuId\":31,\"parentId\":53,\"name\":\"Áî®Êà∑Á≠îÊ°à\",\"url\":\"app/answer\",\"type\":1,\"icon\":\"log\",\"orderNum\":6}]',69,'0:0:0:0:0:0:0:1','2021-03-31 16:39:50');
INSERT INTO `sys_log` (`id`, `username`, `operation`, `method`, `params`, `time`, `ip`, `create_date`) VALUES (16,'admin','‰øÆÊîπËèúÂçï','io.volunteer.modules.sys.controller.SysMenuController.update()','[{\"menuId\":53,\"parentId\":52,\"name\":\"ÂøóÊÑøËÄÖÈ°πÁõÆ\",\"url\":\"\",\"perms\":\"\",\"type\":0,\"icon\":\"xiangqu\",\"orderNum\":0}]',90,'0:0:0:0:0:0:0:1','2021-03-31 16:40:13');
INSERT INTO `sys_log` (`id`, `username`, `operation`, `method`, `params`, `time`, `ip`, `create_date`) VALUES (17,'admin','‰øÆÊîπËèúÂçï','io.volunteer.modules.sys.controller.SysMenuController.update()','[{\"menuId\":52,\"parentId\":0,\"name\":\"È°πÁõÆÂ∫îÁî®\",\"url\":\"\",\"perms\":\"\",\"type\":0,\"icon\":\"zonghe\",\"orderNum\":0}]',78,'0:0:0:0:0:0:0:1','2021-03-31 16:40:33');
INSERT INTO `sys_log` (`id`, `username`, `operation`, `method`, `params`, `time`, `ip`, `create_date`) VALUES (18,'admin','‰øÆÊîπËèúÂçï','io.volunteer.modules.sys.controller.SysMenuController.update()','[{\"menuId\":31,\"parentId\":53,\"name\":\"Áî®Êà∑Á≠îÊ°à\",\"url\":\"volunteer/answer\",\"type\":1,\"icon\":\"log\",\"orderNum\":6}]',97,'0:0:0:0:0:0:0:1','2021-03-31 16:40:55');
INSERT INTO `sys_log` (`id`, `username`, `operation`, `method`, `params`, `time`, `ip`, `create_date`) VALUES (19,'admin','‰øÆÊîπËèúÂçï','io.volunteer.modules.sys.controller.SysMenuController.update()','[{\"menuId\":36,\"parentId\":53,\"name\":\"ÂØπÂ§ñÂÆ¢Êà∑\",\"url\":\"volunteer/appuser\",\"type\":1,\"icon\":\"admin\",\"orderNum\":6}]',114,'0:0:0:0:0:0:0:1','2021-03-31 16:41:18');
INSERT INTO `sys_log` (`id`, `username`, `operation`, `method`, `params`, `time`, `ip`, `create_date`) VALUES (20,'admin','‰øÆÊîπËèúÂçï','io.volunteer.modules.sys.controller.SysMenuController.update()','[{\"menuId\":41,\"parentId\":53,\"name\":\"ËØïÈ¢òÈ¢òÁõÆ\",\"url\":\"volunteer/exam\",\"type\":1,\"icon\":\"editor\",\"orderNum\":6}]',72,'0:0:0:0:0:0:0:1','2021-03-31 16:42:02');
INSERT INTO `sys_log` (`id`, `username`, `operation`, `method`, `params`, `time`, `ip`, `create_date`) VALUES (21,'admin','‰øÆÊîπËèúÂçï','io.volunteer.modules.sys.controller.SysMenuController.update()','[{\"menuId\":46,\"parentId\":53,\"name\":\"Âõ¢ÈòüÁÆ°ÁêÜ\",\"url\":\"volunteer/team\",\"type\":1,\"icon\":\"geren\",\"orderNum\":6}]',87,'0:0:0:0:0:0:0:1','2021-03-31 16:42:55');
INSERT INTO `sys_log` (`id`, `username`, `operation`, `method`, `params`, `time`, `ip`, `create_date`) VALUES (22,'admin','‰øÆÊîπËèúÂçï','io.volunteer.modules.sys.controller.SysMenuController.update()','[{\"menuId\":32,\"parentId\":31,\"name\":\"Êü•Áúã\",\"perms\":\"volunteer:answer:list,volunteer:answer:info\",\"type\":2,\"orderNum\":6}]',69,'0:0:0:0:0:0:0:1','2021-03-31 17:00:06');
INSERT INTO `sys_log` (`id`, `username`, `operation`, `method`, `params`, `time`, `ip`, `create_date`) VALUES (23,'admin','‰øÆÊîπËèúÂçï','io.volunteer.modules.sys.controller.SysMenuController.update()','[{\"menuId\":31,\"parentId\":53,\"name\":\"Áî®Êà∑Á≠îÊ°à\",\"url\":\"volunteer/answer\",\"type\":1,\"icon\":\"log\",\"orderNum\":6}]',5,'0:0:0:0:0:0:0:1','2021-03-31 17:07:03');
INSERT INTO `sys_log` (`id`, `username`, `operation`, `method`, `params`, `time`, `ip`, `create_date`) VALUES (24,'admin','‰øÆÊîπËèúÂçï','io.volunteer.modules.sys.controller.SysMenuController.update()','[{\"menuId\":33,\"parentId\":31,\"name\":\"Êñ∞Â¢û\",\"perms\":\"volunteer:answer:save\",\"type\":2,\"orderNum\":6}]',64,'0:0:0:0:0:0:0:1','2021-03-31 18:32:40');
INSERT INTO `sys_log` (`id`, `username`, `operation`, `method`, `params`, `time`, `ip`, `create_date`) VALUES (25,'admin','‰øÆÊîπËèúÂçï','io.volunteer.modules.sys.controller.SysMenuController.update()','[{\"menuId\":34,\"parentId\":31,\"name\":\"‰øÆÊîπ\",\"perms\":\"volunteer:answer:update\",\"type\":2,\"orderNum\":6}]',72,'0:0:0:0:0:0:0:1','2021-03-31 18:33:02');
INSERT INTO `sys_log` (`id`, `username`, `operation`, `method`, `params`, `time`, `ip`, `create_date`) VALUES (26,'admin','‰øÆÊîπËèúÂçï','io.volunteer.modules.sys.controller.SysMenuController.update()','[{\"menuId\":35,\"parentId\":31,\"name\":\"Âà†Èô§\",\"perms\":\"volunteer:answer:delete\",\"type\":2,\"orderNum\":6}]',86,'0:0:0:0:0:0:0:1','2021-03-31 18:33:17');
INSERT INTO `sys_log` (`id`, `username`, `operation`, `method`, `params`, `time`, `ip`, `create_date`) VALUES (27,'admin','‰øÆÊîπËèúÂçï','io.volunteer.modules.sys.controller.SysMenuController.update()','[{\"menuId\":37,\"parentId\":36,\"name\":\"Êü•Áúã\",\"perms\":\"volunteer:appuser:list,volunteer:appuser:info\",\"type\":2,\"orderNum\":6}]',78,'0:0:0:0:0:0:0:1','2021-03-31 18:34:04');
INSERT INTO `sys_log` (`id`, `username`, `operation`, `method`, `params`, `time`, `ip`, `create_date`) VALUES (28,'admin','‰øÆÊîπËèúÂçï','io.volunteer.modules.sys.controller.SysMenuController.update()','[{\"menuId\":38,\"parentId\":36,\"name\":\"Êñ∞Â¢û\",\"perms\":\"volunteer:appuser:save\",\"type\":2,\"orderNum\":6}]',54,'0:0:0:0:0:0:0:1','2021-03-31 18:34:23');
INSERT INTO `sys_log` (`id`, `username`, `operation`, `method`, `params`, `time`, `ip`, `create_date`) VALUES (29,'admin','‰øÆÊîπËèúÂçï','io.volunteer.modules.sys.controller.SysMenuController.update()','[{\"menuId\":39,\"parentId\":36,\"name\":\"‰øÆÊîπ\",\"perms\":\"volunteer:appuser:update\",\"type\":2,\"orderNum\":6}]',114,'0:0:0:0:0:0:0:1','2021-03-31 18:34:46');
INSERT INTO `sys_log` (`id`, `username`, `operation`, `method`, `params`, `time`, `ip`, `create_date`) VALUES (30,'admin','‰øÆÊîπËèúÂçï','io.volunteer.modules.sys.controller.SysMenuController.update()','[{\"menuId\":40,\"parentId\":36,\"name\":\"Âà†Èô§\",\"perms\":\"volunteer:appuser:delete\",\"type\":2,\"orderNum\":6}]',62,'0:0:0:0:0:0:0:1','2021-03-31 18:35:00');
INSERT INTO `sys_log` (`id`, `username`, `operation`, `method`, `params`, `time`, `ip`, `create_date`) VALUES (31,'admin','‰øÆÊîπËèúÂçï','io.volunteer.modules.sys.controller.SysMenuController.update()','[{\"menuId\":42,\"parentId\":41,\"name\":\"Êü•Áúã\",\"perms\":\"volunteer:exam:list,volunteer:exam:info\",\"type\":2,\"orderNum\":6}]',82,'0:0:0:0:0:0:0:1','2021-03-31 18:35:18');
INSERT INTO `sys_log` (`id`, `username`, `operation`, `method`, `params`, `time`, `ip`, `create_date`) VALUES (32,'admin','‰øÆÊîπËèúÂçï','io.volunteer.modules.sys.controller.SysMenuController.update()','[{\"menuId\":43,\"parentId\":41,\"name\":\"Êñ∞Â¢û\",\"perms\":\"volunteer:exam:save\",\"type\":2,\"orderNum\":6}]',75,'0:0:0:0:0:0:0:1','2021-03-31 18:35:32');
INSERT INTO `sys_log` (`id`, `username`, `operation`, `method`, `params`, `time`, `ip`, `create_date`) VALUES (33,'admin','‰øÆÊîπËèúÂçï','io.volunteer.modules.sys.controller.SysMenuController.update()','[{\"menuId\":44,\"parentId\":41,\"name\":\"‰øÆÊîπ\",\"perms\":\"volunteer:exam:update\",\"type\":2,\"orderNum\":6}]',102,'0:0:0:0:0:0:0:1','2021-03-31 18:35:45');
INSERT INTO `sys_log` (`id`, `username`, `operation`, `method`, `params`, `time`, `ip`, `create_date`) VALUES (34,'admin','‰øÆÊîπËèúÂçï','io.volunteer.modules.sys.controller.SysMenuController.update()','[{\"menuId\":45,\"parentId\":41,\"name\":\"Âà†Èô§\",\"perms\":\"volunteer:exam:delete\",\"type\":2,\"orderNum\":6}]',57,'0:0:0:0:0:0:0:1','2021-03-31 18:36:01');
INSERT INTO `sys_log` (`id`, `username`, `operation`, `method`, `params`, `time`, `ip`, `create_date`) VALUES (35,'admin','‰øÆÊîπËèúÂçï','io.volunteer.modules.sys.controller.SysMenuController.update()','[{\"menuId\":47,\"parentId\":46,\"name\":\"Êü•Áúã\",\"perms\":\"volunteer:team:list,volunteer:team:info\",\"type\":2,\"orderNum\":6}]',82,'0:0:0:0:0:0:0:1','2021-03-31 18:36:21');
INSERT INTO `sys_log` (`id`, `username`, `operation`, `method`, `params`, `time`, `ip`, `create_date`) VALUES (36,'admin','‰øÆÊîπËèúÂçï','io.volunteer.modules.sys.controller.SysMenuController.update()','[{\"menuId\":48,\"parentId\":46,\"name\":\"Êñ∞Â¢û\",\"perms\":\"volunteer:team:save\",\"type\":2,\"orderNum\":6}]',55,'0:0:0:0:0:0:0:1','2021-03-31 18:36:36');
INSERT INTO `sys_log` (`id`, `username`, `operation`, `method`, `params`, `time`, `ip`, `create_date`) VALUES (37,'admin','‰øÆÊîπËèúÂçï','io.volunteer.modules.sys.controller.SysMenuController.update()','[{\"menuId\":49,\"parentId\":46,\"name\":\"‰øÆÊîπ\",\"perms\":\"volunteer:team:update\",\"type\":2,\"orderNum\":6}]',109,'0:0:0:0:0:0:0:1','2021-03-31 18:36:49');
INSERT INTO `sys_log` (`id`, `username`, `operation`, `method`, `params`, `time`, `ip`, `create_date`) VALUES (38,'admin','‰øÆÊîπËèúÂçï','io.volunteer.modules.sys.controller.SysMenuController.update()','[{\"menuId\":50,\"parentId\":46,\"name\":\"Âà†Èô§\",\"perms\":\"volunteer:team:delete\",\"type\":2,\"orderNum\":6}]',76,'0:0:0:0:0:0:0:1','2021-03-31 18:37:02');
INSERT INTO `sys_log` (`id`, `username`, `operation`, `method`, `params`, `time`, `ip`, `create_date`) VALUES (39,'admin','‰øÆÊîπËèúÂçï','io.volunteer.modules.sys.controller.SysMenuController.update()','[{\"menuId\":54,\"parentId\":53,\"name\":\"Ê¥ªÂä®ÁÆ°ÁêÜ\",\"url\":\"volunteer/task\",\"type\":1,\"icon\":\"mudedi\",\"orderNum\":6}]',60,'0:0:0:0:0:0:0:1','2021-03-31 18:39:45');
INSERT INTO `sys_log` (`id`, `username`, `operation`, `method`, `params`, `time`, `ip`, `create_date`) VALUES (40,'admin','‰øÆÊîπËèúÂçï','io.volunteer.modules.sys.controller.SysMenuController.update()','[{\"menuId\":54,\"parentId\":53,\"name\":\"Ê¥ªÂä®ÁÆ°ÁêÜ\",\"url\":\"volunteer/task\",\"type\":1,\"icon\":\"mudedi\",\"orderNum\":6}]',2,'0:0:0:0:0:0:0:1','2021-03-31 18:40:17');

--
-- Table structure for table `sys_menu`
--

/*!40101 SET @saved_cs_client     = @@character_set_client */;
/*!50503 SET character_set_client = utf8mb4 */;
CREATE TABLE `sys_menu` (
  `menu_id` bigint NOT NULL AUTO_INCREMENT,
  `parent_id` bigint DEFAULT NULL COMMENT 'Áà∂ËèúÂçïIDÔºå‰∏ÄÁ∫ßËèúÂçï‰∏∫0',
  `name` varchar(50) DEFAULT NULL COMMENT 'ËèúÂçïÂêçÁß∞',
  `url` varchar(200) DEFAULT NULL COMMENT 'ËèúÂçïURL',
  `perms` varchar(500) DEFAULT NULL COMMENT 'ÊéàÊùÉ(Â§ö‰∏™Áî®ÈÄóÂè∑ÂàÜÈöîÔºåÂ¶ÇÔºöuser:list,user:create)',
  `type` int DEFAULT NULL COMMENT 'Á±ªÂûã   0ÔºöÁõÆÂΩï   1ÔºöËèúÂçï   2ÔºöÊåâÈíÆ',
  `icon` varchar(50) DEFAULT NULL COMMENT 'ËèúÂçïÂõæÊ†á',
  `order_num` int DEFAULT NULL COMMENT 'ÊéíÂ∫è',
  PRIMARY KEY (`menu_id`)
) ENGINE=InnoDB AUTO_INCREMENT=59 DEFAULT CHARSET=utf8mb4 COLLATE=utf8mb4_0900_ai_ci COMMENT='ËèúÂçïÁÆ°ÁêÜ';
/*!40101 SET character_set_client = @saved_cs_client */;

--
-- Dumping data for table `sys_menu`
--

INSERT INTO `sys_menu` (`menu_id`, `parent_id`, `name`, `url`, `perms`, `type`, `icon`, `order_num`) VALUES (1,0,'Á≥ªÁªüÁÆ°ÁêÜ',NULL,NULL,0,'system',0);
INSERT INTO `sys_menu` (`menu_id`, `parent_id`, `name`, `url`, `perms`, `type`, `icon`, `order_num`) VALUES (2,1,'ÁÆ°ÁêÜÂëòÂàóË°®','sys/user',NULL,1,'admin',1);
INSERT INTO `sys_menu` (`menu_id`, `parent_id`, `name`, `url`, `perms`, `type`, `icon`, `order_num`) VALUES (3,1,'ËßíËâ≤ÁÆ°ÁêÜ','sys/role',NULL,1,'role',2);
INSERT INTO `sys_menu` (`menu_id`, `parent_id`, `name`, `url`, `perms`, `type`, `icon`, `order_num`) VALUES (4,1,'ËèúÂçïÁÆ°ÁêÜ','sys/menu',NULL,1,'menu',3);
INSERT INTO `sys_menu` (`menu_id`, `parent_id`, `name`, `url`, `perms`, `type`, `icon`, `order_num`) VALUES (5,1,'SQLÁõëÊéß','http://localhost:8080/renren-fast/druid/sql.html',NULL,1,'sql',4);
INSERT INTO `sys_menu` (`menu_id`, `parent_id`, `name`, `url`, `perms`, `type`, `icon`, `order_num`) VALUES (6,1,'ÂÆöÊó∂‰ªªÂä°','job/schedule',NULL,1,'job',5);
INSERT INTO `sys_menu` (`menu_id`, `parent_id`, `name`, `url`, `perms`, `type`, `icon`, `order_num`) VALUES (7,6,'Êü•Áúã',NULL,'sys:schedule:list,sys:schedule:info',2,NULL,0);
INSERT INTO `sys_menu` (`menu_id`, `parent_id`, `name`, `url`, `perms`, `type`, `icon`, `order_num`) VALUES (8,6,'Êñ∞Â¢û',NULL,'sys:schedule:save',2,NULL,0);
INSERT INTO `sys_menu` (`menu_id`, `parent_id`, `name`, `url`, `perms`, `type`, `icon`, `order_num`) VALUES (9,6,'‰øÆÊîπ',NULL,'sys:schedule:update',2,NULL,0);
INSERT INTO `sys_menu` (`menu_id`, `parent_id`, `name`, `url`, `perms`, `type`, `icon`, `order_num`) VALUES (10,6,'Âà†Èô§',NULL,'sys:schedule:delete',2,NULL,0);
INSERT INTO `sys_menu` (`menu_id`, `parent_id`, `name`, `url`, `perms`, `type`, `icon`, `order_num`) VALUES (11,6,'ÊöÇÂÅú',NULL,'sys:schedule:pause',2,NULL,0);
INSERT INTO `sys_menu` (`menu_id`, `parent_id`, `name`, `url`, `perms`, `type`, `icon`, `order_num`) VALUES (12,6,'ÊÅ¢Â§ç',NULL,'sys:schedule:resume',2,NULL,0);
INSERT INTO `sys_menu` (`menu_id`, `parent_id`, `name`, `url`, `perms`, `type`, `icon`, `order_num`) VALUES (13,6,'Á´ãÂç≥ÊâßË°å',NULL,'sys:schedule:run',2,NULL,0);
INSERT INTO `sys_menu` (`menu_id`, `parent_id`, `name`, `url`, `perms`, `type`, `icon`, `order_num`) VALUES (14,6,'Êó•ÂøóÂàóË°®',NULL,'sys:schedule:log',2,NULL,0);
INSERT INTO `sys_menu` (`menu_id`, `parent_id`, `name`, `url`, `perms`, `type`, `icon`, `order_num`) VALUES (15,2,'Êü•Áúã',NULL,'sys:user:list,sys:user:info',2,NULL,0);
INSERT INTO `sys_menu` (`menu_id`, `parent_id`, `name`, `url`, `perms`, `type`, `icon`, `order_num`) VALUES (16,2,'Êñ∞Â¢û',NULL,'sys:user:save,sys:role:select',2,NULL,0);
INSERT INTO `sys_menu` (`menu_id`, `parent_id`, `name`, `url`, `perms`, `type`, `icon`, `order_num`) VALUES (17,2,'‰øÆÊîπ',NULL,'sys:user:update,sys:role:select',2,NULL,0);
INSERT INTO `sys_menu` (`menu_id`, `parent_id`, `name`, `url`, `perms`, `type`, `icon`, `order_num`) VALUES (18,2,'Âà†Èô§',NULL,'sys:user:delete',2,NULL,0);
INSERT INTO `sys_menu` (`menu_id`, `parent_id`, `name`, `url`, `perms`, `type`, `icon`, `order_num`) VALUES (19,3,'Êü•Áúã',NULL,'sys:role:list,sys:role:info',2,NULL,0);
INSERT INTO `sys_menu` (`menu_id`, `parent_id`, `name`, `url`, `perms`, `type`, `icon`, `order_num`) VALUES (20,3,'Êñ∞Â¢û',NULL,'sys:role:save,sys:menu:list',2,NULL,0);
INSERT INTO `sys_menu` (`menu_id`, `parent_id`, `name`, `url`, `perms`, `type`, `icon`, `order_num`) VALUES (21,3,'‰øÆÊîπ',NULL,'sys:role:update,sys:menu:list',2,NULL,0);
INSERT INTO `sys_menu` (`menu_id`, `parent_id`, `name`, `url`, `perms`, `type`, `icon`, `order_num`) VALUES (22,3,'Âà†Èô§',NULL,'sys:role:delete',2,NULL,0);
INSERT INTO `sys_menu` (`menu_id`, `parent_id`, `name`, `url`, `perms`, `type`, `icon`, `order_num`) VALUES (23,4,'Êü•Áúã',NULL,'sys:menu:list,sys:menu:info',2,NULL,0);
INSERT INTO `sys_menu` (`menu_id`, `parent_id`, `name`, `url`, `perms`, `type`, `icon`, `order_num`) VALUES (24,4,'Êñ∞Â¢û',NULL,'sys:menu:save,sys:menu:select',2,NULL,0);
INSERT INTO `sys_menu` (`menu_id`, `parent_id`, `name`, `url`, `perms`, `type`, `icon`, `order_num`) VALUES (25,4,'‰øÆÊîπ',NULL,'sys:menu:update,sys:menu:select',2,NULL,0);
INSERT INTO `sys_menu` (`menu_id`, `parent_id`, `name`, `url`, `perms`, `type`, `icon`, `order_num`) VALUES (26,4,'Âà†Èô§',NULL,'sys:menu:delete',2,NULL,0);
INSERT INTO `sys_menu` (`menu_id`, `parent_id`, `name`, `url`, `perms`, `type`, `icon`, `order_num`) VALUES (27,1,'ÂèÇÊï∞ÁÆ°ÁêÜ','sys/config','sys:config:list,sys:config:info,sys:config:save,sys:config:update,sys:config:delete',1,'config',6);
INSERT INTO `sys_menu` (`menu_id`, `parent_id`, `name`, `url`, `perms`, `type`, `icon`, `order_num`) VALUES (29,1,'Á≥ªÁªüÊó•Âøó','sys/log','sys:log:list',1,'log',7);
INSERT INTO `sys_menu` (`menu_id`, `parent_id`, `name`, `url`, `perms`, `type`, `icon`, `order_num`) VALUES (30,1,'Êñá‰ª∂‰∏ä‰º†','oss/oss','sys:oss:all',1,'oss',6);
INSERT INTO `sys_menu` (`menu_id`, `parent_id`, `name`, `url`, `perms`, `type`, `icon`, `order_num`) VALUES (31,53,'Áî®Êà∑Á≠îÊ°à','volunteer/answer',NULL,1,'log',6);
INSERT INTO `sys_menu` (`menu_id`, `parent_id`, `name`, `url`, `perms`, `type`, `icon`, `order_num`) VALUES (32,31,'Êü•Áúã',NULL,'volunteer:answer:list,volunteer:answer:info',2,NULL,6);
INSERT INTO `sys_menu` (`menu_id`, `parent_id`, `name`, `url`, `perms`, `type`, `icon`, `order_num`) VALUES (33,31,'Êñ∞Â¢û',NULL,'volunteer:answer:save',2,NULL,6);
INSERT INTO `sys_menu` (`menu_id`, `parent_id`, `name`, `url`, `perms`, `type`, `icon`, `order_num`) VALUES (34,31,'‰øÆÊîπ',NULL,'volunteer:answer:update',2,NULL,6);
INSERT INTO `sys_menu` (`menu_id`, `parent_id`, `name`, `url`, `perms`, `type`, `icon`, `order_num`) VALUES (35,31,'Âà†Èô§',NULL,'volunteer:answer:delete',2,NULL,6);
INSERT INTO `sys_menu` (`menu_id`, `parent_id`, `name`, `url`, `perms`, `type`, `icon`, `order_num`) VALUES (36,53,'ÂØπÂ§ñÂÆ¢Êà∑','volunteer/appuser',NULL,1,'admin',6);
INSERT INTO `sys_menu` (`menu_id`, `parent_id`, `name`, `url`, `perms`, `type`, `icon`, `order_num`) VALUES (37,36,'Êü•Áúã',NULL,'volunteer:appuser:list,volunteer:appuser:info',2,NULL,6);
INSERT INTO `sys_menu` (`menu_id`, `parent_id`, `name`, `url`, `perms`, `type`, `icon`, `order_num`) VALUES (38,36,'Êñ∞Â¢û',NULL,'volunteer:appuser:save',2,NULL,6);
INSERT INTO `sys_menu` (`menu_id`, `parent_id`, `name`, `url`, `perms`, `type`, `icon`, `order_num`) VALUES (39,36,'‰øÆÊîπ',NULL,'volunteer:appuser:update',2,NULL,6);
INSERT INTO `sys_menu` (`menu_id`, `parent_id`, `name`, `url`, `perms`, `type`, `icon`, `order_num`) VALUES (40,36,'Âà†Èô§',NULL,'volunteer:appuser:delete',2,NULL,6);
INSERT INTO `sys_menu` (`menu_id`, `parent_id`, `name`, `url`, `perms`, `type`, `icon`, `order_num`) VALUES (41,53,'ËØïÈ¢òÈ¢òÁõÆ','volunteer/exam',NULL,1,'editor',6);
INSERT INTO `sys_menu` (`menu_id`, `parent_id`, `name`, `url`, `perms`, `type`, `icon`, `order_num`) VALUES (42,41,'Êü•Áúã',NULL,'volunteer:exam:list,volunteer:exam:info',2,NULL,6);
INSERT INTO `sys_menu` (`menu_id`, `parent_id`, `name`, `url`, `perms`, `type`, `icon`, `order_num`) VALUES (43,41,'Êñ∞Â¢û',NULL,'volunteer:exam:save',2,NULL,6);
INSERT INTO `sys_menu` (`menu_id`, `parent_id`, `name`, `url`, `perms`, `type`, `icon`, `order_num`) VALUES (44,41,'‰øÆÊîπ',NULL,'volunteer:exam:update',2,NULL,6);
INSERT INTO `sys_menu` (`menu_id`, `parent_id`, `name`, `url`, `perms`, `type`, `icon`, `order_num`) VALUES (45,41,'Âà†Èô§',NULL,'volunteer:exam:delete',2,NULL,6);
INSERT INTO `sys_menu` (`menu_id`, `parent_id`, `name`, `url`, `perms`, `type`, `icon`, `order_num`) VALUES (46,53,'Âõ¢ÈòüÁÆ°ÁêÜ','volunteer/team',NULL,1,'geren',6);
INSERT INTO `sys_menu` (`menu_id`, `parent_id`, `name`, `url`, `perms`, `type`, `icon`, `order_num`) VALUES (47,46,'Êü•Áúã',NULL,'volunteer:team:list,volunteer:team:info',2,NULL,6);
INSERT INTO `sys_menu` (`menu_id`, `parent_id`, `name`, `url`, `perms`, `type`, `icon`, `order_num`) VALUES (48,46,'Êñ∞Â¢û',NULL,'volunteer:team:save',2,NULL,6);
INSERT INTO `sys_menu` (`menu_id`, `parent_id`, `name`, `url`, `perms`, `type`, `icon`, `order_num`) VALUES (49,46,'‰øÆÊîπ',NULL,'volunteer:team:update',2,NULL,6);
INSERT INTO `sys_menu` (`menu_id`, `parent_id`, `name`, `url`, `perms`, `type`, `icon`, `order_num`) VALUES (50,46,'Âà†Èô§',NULL,'volunteer:team:delete',2,NULL,6);
INSERT INTO `sys_menu` (`menu_id`, `parent_id`, `name`, `url`, `perms`, `type`, `icon`, `order_num`) VALUES (52,0,'È°πÁõÆÂ∫îÁî®','','',0,'zonghe',0);
INSERT INTO `sys_menu` (`menu_id`, `parent_id`, `name`, `url`, `perms`, `type`, `icon`, `order_num`) VALUES (53,52,'ÂøóÊÑøËÄÖÈ°πÁõÆ','','',0,'xiangqu',0);
INSERT INTO `sys_menu` (`menu_id`, `parent_id`, `name`, `url`, `perms`, `type`, `icon`, `order_num`) VALUES (54,53,'Ê¥ªÂä®ÁÆ°ÁêÜ','volunteer/task',NULL,1,'mudedi',6);
INSERT INTO `sys_menu` (`menu_id`, `parent_id`, `name`, `url`, `perms`, `type`, `icon`, `order_num`) VALUES (55,54,'Êü•Áúã',NULL,'volunteer:task:list,volunteer:task:info',2,NULL,6);
INSERT INTO `sys_menu` (`menu_id`, `parent_id`, `name`, `url`, `perms`, `type`, `icon`, `order_num`) VALUES (56,54,'Êñ∞Â¢û',NULL,'volunteer:task:save',2,NULL,6);
INSERT INTO `sys_menu` (`menu_id`, `parent_id`, `name`, `url`, `perms`, `type`, `icon`, `order_num`) VALUES (57,54,'‰øÆÊîπ',NULL,'volunteer:task:update',2,NULL,6);
INSERT INTO `sys_menu` (`menu_id`, `parent_id`, `name`, `url`, `perms`, `type`, `icon`, `order_num`) VALUES (58,54,'Âà†Èô§',NULL,'volunteer:task:delete',2,NULL,6);

--
-- Table structure for table `sys_oss`
--

/*!40101 SET @saved_cs_client     = @@character_set_client */;
/*!50503 SET character_set_client = utf8mb4 */;
CREATE TABLE `sys_oss` (
  `id` bigint NOT NULL AUTO_INCREMENT,
  `url` varchar(200) DEFAULT NULL COMMENT 'URLÂú∞ÂùÄ',
  `create_date` datetime DEFAULT NULL COMMENT 'ÂàõÂª∫Êó∂Èó¥',
  PRIMARY KEY (`id`)
) ENGINE=InnoDB DEFAULT CHARSET=utf8mb4 COLLATE=utf8mb4_0900_ai_ci COMMENT='Êñá‰ª∂‰∏ä‰º†';
/*!40101 SET character_set_client = @saved_cs_client */;

--
-- Dumping data for table `sys_oss`
--


--
-- Table structure for table `sys_role`
--

/*!40101 SET @saved_cs_client     = @@character_set_client */;
/*!50503 SET character_set_client = utf8mb4 */;
CREATE TABLE `sys_role` (
  `role_id` bigint NOT NULL AUTO_INCREMENT,
  `role_name` varchar(100) DEFAULT NULL COMMENT 'ËßíËâ≤ÂêçÁß∞',
  `remark` varchar(100) DEFAULT NULL COMMENT 'Â§áÊ≥®',
  `create_user_id` bigint DEFAULT NULL COMMENT 'ÂàõÂª∫ËÄÖID',
  `create_time` datetime DEFAULT NULL COMMENT 'ÂàõÂª∫Êó∂Èó¥',
  PRIMARY KEY (`role_id`)
) ENGINE=InnoDB DEFAULT CHARSET=utf8mb4 COLLATE=utf8mb4_0900_ai_ci COMMENT='ËßíËâ≤';
/*!40101 SET character_set_client = @saved_cs_client */;

--
-- Dumping data for table `sys_role`
--


--
-- Table structure for table `sys_role_menu`
--

/*!40101 SET @saved_cs_client     = @@character_set_client */;
/*!50503 SET character_set_client = utf8mb4 */;
CREATE TABLE `sys_role_menu` (
  `id` bigint NOT NULL AUTO_INCREMENT,
  `role_id` bigint DEFAULT NULL COMMENT 'ËßíËâ≤ID',
  `menu_id` bigint DEFAULT NULL COMMENT 'ËèúÂçïID',
  PRIMARY KEY (`id`)
) ENGINE=InnoDB DEFAULT CHARSET=utf8mb4 COLLATE=utf8mb4_0900_ai_ci COMMENT='ËßíËâ≤‰∏éËèúÂçïÂØπÂ∫îÂÖ≥Á≥ª';
/*!40101 SET character_set_client = @saved_cs_client */;

--
-- Dumping data for table `sys_role_menu`
--


--
-- Table structure for table `sys_user`
--

/*!40101 SET @saved_cs_client     = @@character_set_client */;
/*!50503 SET character_set_client = utf8mb4 */;
CREATE TABLE `sys_user` (
  `user_id` bigint NOT NULL AUTO_INCREMENT,
  `username` varchar(50) NOT NULL COMMENT 'Áî®Êà∑Âêç',
  `password` varchar(100) DEFAULT NULL COMMENT 'ÂØÜÁ†Å',
  `salt` varchar(20) DEFAULT NULL COMMENT 'Áõê',
  `email` varchar(100) DEFAULT NULL COMMENT 'ÈÇÆÁÆ±',
  `mobile` varchar(100) DEFAULT NULL COMMENT 'ÊâãÊú∫Âè∑',
  `status` tinyint DEFAULT NULL COMMENT 'Áä∂ÊÄÅ  0ÔºöÁ¶ÅÁî®   1ÔºöÊ≠£Â∏∏',
  `create_user_id` bigint DEFAULT NULL COMMENT 'ÂàõÂª∫ËÄÖID',
  `create_time` datetime DEFAULT NULL COMMENT 'ÂàõÂª∫Êó∂Èó¥',
  PRIMARY KEY (`user_id`),
  UNIQUE KEY `username` (`username`)
) ENGINE=InnoDB AUTO_INCREMENT=2 DEFAULT CHARSET=utf8mb4 COLLATE=utf8mb4_0900_ai_ci COMMENT='Á≥ªÁªüÁî®Êà∑';
/*!40101 SET character_set_client = @saved_cs_client */;

--
-- Dumping data for table `sys_user`
--

INSERT INTO `sys_user` (`user_id`, `username`, `password`, `salt`, `email`, `mobile`, `status`, `create_user_id`, `create_time`) VALUES (1,'admin','9ec9750e709431dad22365cabc5c625482e574c74adaebba7dd02f1129e4ce1d','YzcmCZNvbXocrsz9dm8e','root@renren.io','13612345678',1,1,'2016-11-11 11:11:11');

--
-- Table structure for table `sys_user_role`
--

/*!40101 SET @saved_cs_client     = @@character_set_client */;
/*!50503 SET character_set_client = utf8mb4 */;
CREATE TABLE `sys_user_role` (
  `id` bigint NOT NULL AUTO_INCREMENT,
  `user_id` bigint DEFAULT NULL COMMENT 'Áî®Êà∑ID',
  `role_id` bigint DEFAULT NULL COMMENT 'ËßíËâ≤ID',
  PRIMARY KEY (`id`)
) ENGINE=InnoDB DEFAULT CHARSET=utf8mb4 COLLATE=utf8mb4_0900_ai_ci COMMENT='Áî®Êà∑‰∏éËßíËâ≤ÂØπÂ∫îÂÖ≥Á≥ª';
/*!40101 SET character_set_client = @saved_cs_client */;

--
-- Dumping data for table `sys_user_role`
--


--
-- Table structure for table `sys_user_token`
--

/*!40101 SET @saved_cs_client     = @@character_set_client */;
/*!50503 SET character_set_client = utf8mb4 */;
CREATE TABLE `sys_user_token` (
  `user_id` bigint NOT NULL,
  `token` varchar(100) NOT NULL COMMENT 'token',
  `expire_time` datetime DEFAULT NULL COMMENT 'ËøáÊúüÊó∂Èó¥',
  `update_time` datetime DEFAULT NULL COMMENT 'Êõ¥Êñ∞Êó∂Èó¥',
  PRIMARY KEY (`user_id`),
  UNIQUE KEY `token` (`token`)
) ENGINE=InnoDB DEFAULT CHARSET=utf8mb4 COLLATE=utf8mb4_0900_ai_ci COMMENT='Á≥ªÁªüÁî®Êà∑Token';
/*!40101 SET character_set_client = @saved_cs_client */;

--
-- Dumping data for table `sys_user_token`
--

INSERT INTO `sys_user_token` (`user_id`, `token`, `expire_time`, `update_time`) VALUES (1,'c3fec801570203f016ef72f3c98b4356','2021-04-01 04:30:42','2021-03-31 16:30:42');

--
-- Table structure for table `volunteer_answer`
--

/*!40101 SET @saved_cs_client     = @@character_set_client */;
/*!50503 SET character_set_client = utf8mb4 */;
CREATE TABLE `volunteer_answer` (
  `user_id` int NOT NULL COMMENT 'Áî®Êà∑id',
  `exam_id` int NOT NULL COMMENT 'È¢òÁõÆid',
  `exam_answer` text COMMENT 'È¢òÁõÆÂõûÁ≠î',
  `grade` int NOT NULL COMMENT 'Êú¨È¢òÂæóÂàÜ',
  PRIMARY KEY (`exam_id`)
) ENGINE=InnoDB DEFAULT CHARSET=utf8;
/*!40101 SET character_set_client = @saved_cs_client */;

--
-- Dumping data for table `volunteer_answer`
--


--
-- Table structure for table `volunteer_exam`
--

/*!40101 SET @saved_cs_client     = @@character_set_client */;
/*!50503 SET character_set_client = utf8mb4 */;
CREATE TABLE `volunteer_exam` (
  `exam_id` int NOT NULL AUTO_INCREMENT COMMENT 'È¢òÁõÆid',
  `exam_rank` int NOT NULL DEFAULT '40' COMMENT 'È¢òÁõÆÊéíÂ∫è',
  `exam_title` text NOT NULL COMMENT 'ÊµãËØïÈ¢òÈ¢òÁõÆ',
  `exam_type` int NOT NULL COMMENT 'ÊµãËØïÈ¢òÁ±ªÂûãÔºå0 ÂçïÈÄâÔºõ 1 Â§öÈÄâÔºå 2 Â°´Á©∫È¢ò',
  `exam_options` text COMMENT 'È¢òÁõÆÈÄâÈ°π',
  `standard_answer` text COMMENT 'Ê†áÂáÜÁ≠îÊ°à',
  `task_id` int NOT NULL COMMENT 'Ê¥ªÂä®id',
  PRIMARY KEY (`exam_id`)
) ENGINE=InnoDB DEFAULT CHARSET=utf8;
/*!40101 SET character_set_client = @saved_cs_client */;

--
-- Dumping data for table `volunteer_exam`
--


--
-- Table structure for table `volunteer_task`
--

/*!40101 SET @saved_cs_client     = @@character_set_client */;
/*!50503 SET character_set_client = utf8mb4 */;
CREATE TABLE `volunteer_task` (
  `task_id` int NOT NULL AUTO_INCREMENT COMMENT '‰ªªÂä°id',
  `book_url` text COMMENT 'ÊâÄËØªÊï∞ÊçÆurl',
  `tips` text COMMENT 'Ê≥®ÊÑè‰∫ãÈ°π',
  `start_time` time DEFAULT NULL COMMENT 'ÂºÄÂßãÊó∂Èó¥',
  `end_time` time DEFAULT NULL COMMENT 'ÁªìÊùüÊó∂Èó¥',
  `paticipantes_num` int NOT NULL COMMENT 'ÂèÇ‰∏éÊúÄÂ§ß‰∫∫Êï∞',
  PRIMARY KEY (`task_id`)
) ENGINE=InnoDB DEFAULT CHARSET=utf8;
/*!40101 SET character_set_client = @saved_cs_client */;

--
-- Dumping data for table `volunteer_task`
--


--
-- Table structure for table `volunteer_team`
--

/*!40101 SET @saved_cs_client     = @@character_set_client */;
/*!50503 SET character_set_client = utf8mb4 */;
CREATE TABLE `volunteer_team` (
  `team_id` int NOT NULL AUTO_INCREMENT COMMENT 'Âõ¢Èòüid',
  `team_name` varchar(10) NOT NULL COMMENT 'Âõ¢ÈòüÂêçÁß∞',
  `task_id` int NOT NULL COMMENT 'Ê¥ªÂä®id',
  PRIMARY KEY (`team_id`)
) ENGINE=InnoDB DEFAULT CHARSET=utf8;
/*!40101 SET character_set_client = @saved_cs_client */;

--
-- Dumping data for table `volunteer_team`
--

/*!40103 SET TIME_ZONE=@OLD_TIME_ZONE */;

/*!40101 SET SQL_MODE=@OLD_SQL_MODE */;
/*!40014 SET FOREIGN_KEY_CHECKS=@OLD_FOREIGN_KEY_CHECKS */;
/*!40014 SET UNIQUE_CHECKS=@OLD_UNIQUE_CHECKS */;
/*!40101 SET CHARACTER_SET_CLIENT=@OLD_CHARACTER_SET_CLIENT */;
/*!40101 SET CHARACTER_SET_RESULTS=@OLD_CHARACTER_SET_RESULTS */;
/*!40101 SET COLLATION_CONNECTION=@OLD_COLLATION_CONNECTION */;
/*!40111 SET SQL_NOTES=@OLD_SQL_NOTES */;

-- Dump completed on 2021-03-31 19:13:40
